,ANI energy,DFT energy,Phi,Psi
0,-857964.0251600316,-857958.8691554624,0,0
1,-857963.8803278715,-857962.0812509572,10,0
2,-857963.6209200125,-857961.839283304,20,0
3,-857963.6168381758,-857961.5599788373,30,0
4,-857963.583848175,-857961.2414550283,40,0
5,-857962.7295656988,-857960.8783780468,50,0
6,-857962.4065651218,-857960.5245882054,60,0
7,-857962.6739413871,-857960.1278139651,70,0
8,-857962.2817308368,-857959.7131557047,80,0
9,-857961.7343876999,-857959.3134949207,90,0
10,-857961.1304335877,-857958.8792583649,100,0
11,-857962.3141745478,-857961.8587988488,110,0
12,-857961.8463211007,-857961.4837364362,120,0
13,-857961.5312943996,-857960.8922460062,130,0
14,-857961.4098240631,-857960.1945182221,140,0
15,-857960.9766749301,-857959.7045588249,150,0
16,-857969.0783128262,-857967.8372698594,160,0
17,-857969.319935811,-857968.0071366739,170,0
18,-857969.5891343784,-857968.0540743826,180,0
19,-857960.9777750886,-857959.5104701446,190,0
20,-857967.3083472458,-857965.4772067281,200,0
21,-857961.4107570702,-857959.9341645413,210,0
22,-857961.3982810181,-857960.1273119575,220,0
23,-857961.1891280886,-857960.2570809167,230,0
24,-857967.1445754649,-857966.1946383095,240,0
25,-857967.5514805835,-857967.0466079223,250,0
26,-857968.0752949008,-857967.8493807922,260,0
27,-857968.5745322433,-857968.5597842676,270,0
28,-857969.0599338956,-857969.1697862272,280,0
29,-857969.5242015454,-857969.6838419881,290,0
30,-857965.2859278165,-857966.8122331337,300,0
31,-857965.9610937469,-857967.241135859,310,0
32,-857966.3626716435,-857967.3317482272,320,0
33,-857966.6519294675,-857967.0387013028,330,0
34,-857966.4998564323,-857966.3990181452,340,0
35,-857964.5002744705,-857962.603903598,350,0
36,-857964.4245184715,-857962.6534768464,0,10
37,-857964.1389594559,-857962.5749754113,10,10
38,-857963.4393456789,-857962.4374880856,20,10
39,-857963.3522921616,-857962.1004527471,30,10
40,-857963.1633800679,-857961.653352247,40,10
41,-857962.7718030219,-857961.1560509889,50,10
42,-857962.2454757994,-857960.616832098,60,10
43,-857961.7914538968,-857960.1189033304,70,10
44,-857963.5009555819,-857962.4808489901,80,10
45,-857963.0832837204,-857962.3072798697,90,10
46,-857962.8788615093,-857962.2487332359,100,10
47,-857962.719257684,-857962.1597523923,110,10
48,-857962.4155758113,-857961.9314016949,120,10
49,-857962.1863228166,-857961.4592008158,130,10
50,-857961.7344178519,-857960.9155266075,140,10
51,-857968.8278996035,-857967.5029328117,150,10
52,-857969.1166256295,-857967.8472472599,160,10
53,-857969.3322560895,-857967.9757612002,170,10
54,-857960.9368745021,-857959.659064388,180,10
55,-857961.1475239319,-857959.7392600988,190,10
56,-857961.3908339728,-857959.8819557532,200,10
57,-857961.7330601312,-857960.1360343391,210,10
58,-857961.7240939486,-857960.3434262202,220,10
59,-857961.5157654439,-857960.5375776516,230,10
60,-857961.4156579535,-857960.880511579,240,10
61,-857967.5797074127,-857967.197147445,250,10
62,-857968.1521325582,-857968.0548901448,260,10
63,-857968.6385612898,-857968.7327886296,270,10
64,-857969.0849029295,-857969.2935938464,280,10
65,-857969.4854291738,-857969.6848460034,290,10
66,-857964.7326455401,-857965.9565612152,300,10
67,-857965.555773978,-857966.282301383,310,10
68,-857966.0989920316,-857966.3603008107,320,10
69,-857966.3719766585,-857966.1632628358,330,10
70,-857966.2127867807,-857965.7641040595,340,10
71,-857963.8633292253,-857962.706564148,350,10
72,-857965.1485540065,-857964.8922423965,0,20
73,-857963.2556843588,-857962.4886301077,10,20
74,-857963.1895208147,-857962.29140388,20,20
75,-857963.0021016421,-857961.885907258,30,20
76,-857962.6388834114,-857961.3009429264,40,20
77,-857962.0825729592,-857960.6213501663,50,20
78,-857961.4699698092,-857959.9689913172,60,20
79,-857961.019775642,-857959.4357337663,70,20
80,-857962.6158644559,-857961.7728928017,80,20
81,-857962.7043759573,-857961.674813071,90,20
82,-857962.6642112206,-857961.7007919631,100,20
83,-857962.5961534093,-857961.6748758219,110,20
84,-857962.3660103711,-857961.6015199644,120,20
85,-857962.458234168,-857961.3460608575,130,20
86,-857962.0241880787,-857960.9875646953,140,20
87,-857961.3157385527,-857960.5331850852,150,20
88,-857963.1883767794,-857961.7109576168,160,20
89,-857968.8021177964,-857967.2903326019,170,20
90,-857960.58408494,-857959.3449331454,180,20
91,-857960.7372146499,-857959.2926616062,190,20
92,-857961.2762677887,-857959.396577175,200,20
93,-857961.3992671977,-857959.6571818596,210,20
94,-857961.1400229016,-857959.9421966627,220,20
95,-857961.1541529992,-857960.2266467072,230,20
96,-857961.1255731294,-857960.7010438695,240,20
97,-857967.0902284165,-857966.7351122195,250,20
98,-857967.6880713889,-857967.6225988682,260,20
99,-857968.2314743821,-857968.2762754873,270,20
100,-857968.6470537324,-857968.7445858076,280,20
101,-857963.2090376259,-857964.5384525551,290,20
102,-857963.8584852676,-857964.873668116,300,20
103,-857964.6223420231,-857965.0618582073,310,20
104,-857965.2871572583,-857965.0841975446,320,20
105,-857965.649132003,-857964.9594486611,330,20
106,-857965.5707548358,-857964.871346331,340,20
107,-857963.3329626092,-857962.4039790797,350,20
108,-857962.3530284269,-857961.7335479577,0,30
109,-857962.3628949719,-857961.7196172475,10,30
110,-857962.224830732,-857961.4465878754,20,30
111,-857961.9345600278,-857960.9392464657,30,30
112,-857961.4893432382,-857960.1967772562,40,30
113,-857960.9081041134,-857959.4054878097,50,30
114,-857960.3583289668,-857958.7065677576,60,30
115,-857962.0663645954,-857960.6099922447,70,30
116,-857961.6858631001,-857960.2990613005,80,30
117,-857961.371094509,-857960.1531653478,90,30
118,-857965.8194802082,-857965.8392169436,100,30
119,-857961.4691968674,-857960.4158408135,110,30
120,-857961.6110066687,-857960.5345656059,120,30
121,-857962.001359496,-857960.5410917045,130,30
122,-857961.8438438902,-857960.4012825937,140,30
123,-857961.1448292467,-857959.9697443286,150,30
124,-857962.9457328606,-857960.9995501261,160,30
125,-857963.1108914274,-857961.0307373471,170,30
126,-857960.2129356692,-857958.3328858658,180,30
127,-857960.2971049228,-857958.232672603,190,30
128,-857960.4983068323,-857958.3145625893,200,30
129,-857960.5484109469,-857958.5697079414,210,30
130,-857960.3406156831,-857958.9029154719,220,30
131,-857960.381153568,-857959.327551133,230,30
132,-857960.3524520855,-857960.0165565353,240,30
133,-857960.5560991633,-857961.0784280669,250,30
134,-857961.0804711205,-857962.0424708717,260,30
135,-857967.2708419195,-857967.2543763091,270,30
136,-857961.9870734147,-857963.137161149,280,30
137,-857962.4399006207,-857963.3824546023,290,30
138,-857963.0193728076,-857963.5313626004,300,30
139,-857963.6771883023,-857963.5553962133,310,30
140,-857964.3338976845,-857963.5478660996,320,30
141,-857964.7942271539,-857963.5442265447,330,30
142,-857964.7805113688,-857963.6605040501,340,30
143,-857964.4129682218,-857963.8436740657,350,30
144,-857963.1490739065,-857962.5982560128,0,40
145,-857960.9924076361,-857960.3268599701,10,40
146,-857960.7362297578,-857959.971626857,20,40
147,-857960.3170277737,-857959.2983091915,30,40
148,-857959.8572116753,-857958.4550619605,40,40
149,-857959.3342249608,-857957.6064808989,50,40
150,-857958.7279891518,-857956.883652736,60,40
151,-857958.1461867527,-857956.4098830832,70,40
152,-857965.0107526889,-857963.8879762345,80,40
153,-857964.4914419359,-857963.9681091943,90,40
154,-857964.132674453,-857964.1167034378,100,40
155,-857963.9955988036,-857964.199785692,110,40
156,-857964.2644310349,-857964.0956818704,120,40
157,-857964.4034056449,-857963.8080315274,130,40
158,-857961.0480077311,-857959.1862359995,140,40
159,-857961.503767086,-857959.6282536729,150,40
160,-857961.8752743651,-857959.6189037816,160,40
161,-857961.988013444,-857959.4880680564,170,40
162,-857959.0237763093,-857956.7785448991,180,40
163,-857958.9854095938,-857956.6057915409,190,40
164,-857958.9675813268,-857956.7018632414,200,40
165,-857958.9689457864,-857956.9810422064,210,40
166,-857958.910280634,-857957.3724826161,220,40
167,-857958.9321272739,-857957.944018245,230,40
168,-857963.8457654784,-857963.1151355664,240,40
169,-857959.3559191327,-857960.0572819002,250,40
170,-857959.8595087768,-857960.9525496665,260,40
171,-857960.396758397,-857961.4940275917,270,40
172,-857960.819979722,-857961.7634801597,280,40
173,-857961.3164274485,-857961.8069038152,290,40
174,-857961.8037646421,-857961.7851919875,300,40
175,-857962.3151562623,-857961.7193034927,310,40
176,-857963.1343841229,-857961.7237588101,320,40
177,-857960.906958955,-857959.4022875114,330,40
178,-857961.6238442537,-857959.7876410792,340,40
179,-857963.1853814041,-857962.398896253,350,40
180,-857960.0819840622,-857958.5531416913,0,50
181,-857959.2423492643,-857958.4495398771,10,50
182,-857958.8780857734,-857957.9533053852,20,50
183,-857958.4419788228,-857957.1660319992,30,50
184,-857957.9607820994,-857956.2358747061,40,50
185,-857957.2536659495,-857955.3726099228,50,50
186,-857956.5639661736,-857954.7260241609,60,50
187,-857956.7773444864,-857954.2981254506,70,50
188,-857956.5493443649,-857954.1244935793,80,50
189,-857955.4312759318,-857954.1863032625,90,50
190,-857962.0245323624,-857961.7695670016,100,50
191,-857962.032745373,-857961.8997752174,110,50
192,-857962.4414736794,-857961.8638189245,120,50
193,-857962.5658658555,-857961.6269968491,130,50
194,-857959.9467450512,-857957.65887794,140,50
195,-857959.7580053778,-857957.649339796,150,50
196,-857960.1551165648,-857957.4607731991,160,50
197,-857957.3638480088,-857955.0816337798,170,50
198,-857957.1247376555,-857954.70211605,180,50
199,-857956.8647188284,-857954.5441091645,190,50
200,-857956.7871415957,-857954.6224223467,200,50
201,-857956.8454966438,-857954.9085666669,210,50
202,-857956.9286171673,-857955.2958655142,220,50
203,-857957.0635717424,-857956.0291103343,230,50
204,-857957.0783713498,-857957.2481102385,240,50
205,-857957.6133508522,-857958.3576097392,250,50
206,-857958.2523607301,-857959.171238523,260,50
207,-857958.9700087069,-857959.6354700318,270,50
208,-857957.4483396305,-857956.8352090046,280,50
209,-857958.4619287851,-857956.9461526796,290,50
210,-857958.9228928179,-857956.9642877034,300,50
211,-857959.3282797763,-857957.0069583475,310,50
212,-857961.4815139133,-857959.668665283,320,50
213,-857961.9711693294,-857959.9068051283,330,50
214,-857961.8163998829,-857960.2636070153,340,50
215,-857961.506008294,-857960.5707729027,350,50
216,-857958.3261637744,-857956.4563815353,0,60
217,-857958.0750396125,-857956.2210654825,10,60
218,-857957.0460614786,-857955.5794997964,20,60
219,-857956.5571986003,-857954.6886245962,30,60
220,-857956.4648322157,-857953.7589065598,40,60
221,-857955.7152336907,-857952.9539374067,50,60
222,-857955.2145018382,-857952.3374093486,60,60
223,-857954.0258470098,-857951.9166642464,70,60
224,-857959.8431914836,-857951.7292899175,80,60
225,-857959.519822991,-857958.4337266384,90,60
226,-857959.418590404,-857958.6711762233,100,60
227,-857959.574364028,-857958.8201469723,110,60
228,-857960.081959745,-857958.8340149317,120,60
229,-857960.1772955353,-857958.7073835199,130,60
230,-857959.551358432,-857958.2482975889,140,60
231,-857957.1189614303,-857954.63654131,150,60
232,-857955.8118342066,-857953.6781460905,160,60
233,-857954.9315491247,-857952.5050798801,170,60
234,-857954.5720181419,-857952.2287874587,180,60
235,-857958.4403953267,-857955.057474665,190,60
236,-857954.253043161,-857952.1071133716,200,60
237,-857958.3992731378,-857955.570400909,210,60
238,-857958.4599414775,-857956.296805876,220,60
239,-857958.8108096336,-857957.3529043206,230,60
240,-857954.7863843235,-857954.785637561,240,60
241,-857955.4880891325,-857955.82548351,250,60
242,-857956.1338368244,-857956.5562810434,260,60
243,-857955.9712260541,-857954.566197498,270,60
244,-857956.2317018196,-857954.6601984171,280,60
245,-857956.5793644947,-857954.6073621195,290,60
246,-857957.0874290481,-857954.5952511865,300,60
247,-857957.7000113331,-857954.6709288292,310,60
248,-857958.421642271,-857954.9369300952,320,60
249,-857958.7773277027,-857955.396141528,330,60
250,-857959.7936384622,-857958.1113750216,340,60
251,-857958.4433985278,-857956.2754078029,350,60
252,-857961.2199820852,-857954.2090818563,0,70
253,-857961.2596216626,-857953.8106760915,10,70
254,-857955.3798712597,-857953.081008075,20,70
255,-857954.6544363737,-857952.1694250625,30,70
256,-857959.141753277,-857951.2575910458,40,70
257,-857958.5266183468,-857950.4695018976,50,70
258,-857957.9791309966,-857949.817833309,60,70
259,-857957.4931065787,-857954.4906453573,70,70
260,-857956.9667759957,-857954.4737026015,80,70
261,-857956.5384694325,-857954.6173395201,90,70
262,-857956.7055741696,-857954.804713849,100,70
263,-857957.2151704347,-857954.972823637,110,70
264,-857957.7962322357,-857955.1651552909,120,70
265,-857957.8287702475,-857955.1996683119,130,70
266,-857957.0816274103,-857954.8391641191,140,70
267,-857956.5003996083,-857953.8919385683,150,70
268,-857955.5859267423,-857952.4177933122,160,70
269,-857955.5264644314,-857952.2381373498,170,70
270,-857955.4189897866,-857951.7344982461,180,70
271,-857955.4135763636,-857951.5633764125,190,70
272,-857955.3164296584,-857951.7733410825,200,70
273,-857955.3617789107,-857952.3657100258,210,70
274,-857955.6583481506,-857953.2924160169,220,70
275,-857956.204876825,-857954.4881980704,230,70
276,-857956.7045724116,-857950.5948155395,240,70
277,-857957.3010111842,-857956.7602216224,250,70
278,-857952.609327087,-857952.1028463072,260,70
279,-857958.1853023028,-857957.5260969353,270,70
280,-857954.2470153456,-857952.3140659962,280,70
281,-857954.7738716817,-857952.2949269572,290,70
282,-857954.5730019291,-857952.3116814601,300,70
283,-857960.1098924407,-857952.4688098324,310,70
284,-857960.9742450113,-857952.8443742525,320,70
285,-857961.3466447265,-857953.33169811,330,70
286,-857961.3046656228,-857953.7982514038,340,70
287,-857961.0880391395,-857954.1653444461,350,70
288,-857958.9074264767,-857951.984937277,0,80
289,-857958.7062360727,-857951.5123598924,10,80
290,-857958.0652108261,-857950.7198154267,20,80
291,-857957.3310275245,-857949.7833202879,30,80
292,-857956.6525832074,-857948.900665462,40,80
293,-857955.9647980983,-857947.991717989,50,80
294,-857955.2985610213,-857950.7239569892,60,80
295,-857954.5850621983,-857950.348706324,70,80
296,-857954.0072081794,-857950.1675443389,80,80
297,-857954.0575378594,-857950.1833575775,90,80
298,-857954.5921498383,-857950.291540211,100,80
299,-857955.0996323985,-857950.6696146689,110,80
300,-857955.5616505125,-857951.1183466937,120,80
301,-857955.842619562,-857951.3443756062,130,80
302,-857955.1719342576,-857951.090485273,140,80
303,-857954.2667763232,-857950.2155488136,150,80
304,-857953.1370372878,-857948.7697669858,160,80
305,-857952.8400501192,-857948.5008791762,170,80
306,-857952.5749511311,-857948.0749257454,180,80
307,-857952.4542288164,-857948.0230307118,190,80
308,-857952.5757054995,-857944.7860230907,200,80
309,-857952.8553292106,-857949.078250643,210,80
310,-857953.3410303384,-857950.0703431213,220,80
311,-857953.7318712333,-857947.4287164891,230,80
312,-857954.0011699636,-857948.5257913023,240,80
313,-857954.5365944784,-857949.3245481116,250,80
314,-857955.0229748043,-857949.8060361309,260,80
315,-857955.4830664265,-857950.0309982772,270,80
316,-857955.8704598382,-857950.0985810476,280,80
317,-857956.2439556026,-857950.1452050015,290,80
318,-857956.824796669,-857950.2499990837,300,80
319,-857957.8845104467,-857950.537084668,310,80
320,-857958.8298653336,-857951.0264793066,320,80
321,-857959.1649802107,-857951.5398448072,330,80
322,-857958.9679731122,-857951.9442746632,340,80
323,-857958.6879064885,-857952.1448266911,350,80
324,-857956.8639199077,-857950.0460585046,0,90
325,-857956.301111571,-857949.4423943908,10,90
326,-857955.7883095418,-857948.6113208435,20,90
327,-857955.1928455253,-857947.6746374519,30,90
328,-857954.6711989534,-857948.0899232216,40,90
329,-857953.8119970572,-857947.1901373871,50,90
330,-857952.8577420809,-857946.4029895031,60,90
331,-857952.0139562846,-857945.8507811661,70,90
332,-857951.9096914585,-857945.5298100701,80,90
333,-857952.0979751247,-857945.468000387,90,90
334,-857952.367907542,-857945.7682636703,100,90
335,-857952.6122959902,-857946.3421210841,110,90
336,-857952.9320269193,-857946.9172335168,120,90
337,-857953.5321290154,-857947.3436262044,130,90
338,-857953.1610312824,-857947.2197558342,140,90
339,-857952.403502813,-857946.4563905593,150,90
340,-857951.0419787928,-857945.1270117388,160,90
341,-857950.6712572942,-857944.8677875751,170,90
342,-857950.2793582364,-857944.5856593158,180,90
343,-857950.2956912812,-857944.6099439324,190,90
344,-857950.4819833025,-857944.9866378695,200,90
345,-857950.6592274511,-857945.6373651939,210,90
346,-857950.9474283449,-857946.5161294612,220,90
347,-857951.3545285024,-857947.5953830053,230,90
348,-857951.7602232457,-857948.7616721136,240,90
349,-857952.2711528322,-857949.6047938426,250,90
350,-857952.6314890637,-857950.1292035099,260,90
351,-857953.1545176095,-857950.3156365748,270,90
352,-857953.7225223235,-857950.2782370101,280,90
353,-857954.2003569156,-857948.3537282046,290,90
354,-857954.9159469712,-857948.6360447168,300,90
355,-857956.1182203894,-857949.063880676,310,90
356,-857957.0275999447,-857949.6120729524,320,90
357,-857957.3133101774,-857950.0894194093,330,90
358,-857956.9196336986,-857950.3710456613,340,90
359,-857956.8915411931,-857950.3591857322,350,90
360,-857955.0514286873,-857948.3504651553,0,100
361,-857954.6400328708,-857947.670935146,10,100
362,-857954.0317054822,-857946.7419073698,20,100
363,-857953.263950268,-857945.4117755381,30,100
364,-857952.3951430232,-857943.696792146,40,100
365,-857951.750916149,-857942.9371291768,50,100
366,-857950.6001285998,-857942.106808641,60,100
367,-857950.132250589,-857941.5099843803,70,100
368,-857949.7795294856,-857941.1766513479,80,100
369,-857949.5614863653,-857941.2855869925,90,100
370,-857949.5545641507,-857941.7095323931,100,100
371,-857949.5672205766,-857942.3290724966,110,100
372,-857950.5296944351,-857942.9723324584,120,100
373,-857951.0392050928,-857943.476097064,130,100
374,-857951.0692527539,-857943.4482356433,140,100
375,-857950.4498542252,-857942.8647145836,150,100
376,-857949.2775450065,-857941.8531065608,160,100
377,-857948.4747439615,-857940.5281830576,170,100
378,-857948.4774763142,-857940.9370682308,180,100
379,-857948.4752440003,-857941.4484257011,190,100
380,-857948.3745558584,-857941.5958904275,200,100
381,-857948.2720962492,-857941.9810557425,210,100
382,-857948.5977762073,-857942.6534321437,220,100
383,-857949.0779733917,-857943.6090663215,230,100
384,-857949.4283718163,-857944.6392486248,240,100
385,-857949.9810457,-857945.5087257519,250,100
386,-857950.5120445421,-857946.1853064665,260,100
387,-857950.3542011715,-857946.113205628,270,100
388,-857950.8743751034,-857946.5923718624,280,100
389,-857951.4702396167,-857947.0604939298,290,100
390,-857952.5524589241,-857947.4922831987,300,100
391,-857953.901057743,-857948.0349533918,310,100
392,-857954.8111765633,-857948.5455578507,320,100
393,-857955.9623629838,-857948.8902488048,330,100
394,-857955.436029077,-857949.0463104108,340,100
395,-857955.4939638587,-857948.892256835,350,100
396,-857953.5782338505,-857947.0195803121,0,110
397,-857953.0870307247,-857946.1197944775,10,110
398,-857953.0072746977,-857944.7388971293,20,110
399,-857951.5595325885,-857942.7254702313,30,110
400,-857950.5248469618,-857940.6676156627,40,110
401,-857949.6358978297,-857939.6430809447,50,110
402,-857948.8362956728,-857939.0938846532,60,110
403,-857952.9007680062,-857950.5294918034,70,110
404,-857952.3211722523,-857950.6541151849,80,110
405,-857952.0079928187,-857950.881838373,90,110
406,-857952.2350939843,-857951.1659119118,100,110
407,-857954.6361871097,-857954.8848468087,110,110
408,-857954.5868076317,-857954.9030445835,120,110
409,-857948.2769743952,-857942.0894893795,130,110
410,-857949.1494765402,-857941.6662969904,140,110
411,-857948.9081136193,-857940.952316711,150,110
412,-857947.8908166072,-857940.1684946271,160,110
413,-857946.9110584795,-857939.1267033985,170,110
414,-857946.9781723896,-857939.3309577323,180,110
415,-857946.4616535264,-857939.0197130332,190,110
416,-857945.9297341232,-857938.9227000686,200,110
417,-857946.1436984292,-857939.1589573856,210,110
418,-857946.4735486896,-857939.7926164523,220,110
419,-857946.8085645726,-857940.7149298771,230,110
420,-857947.1220483851,-857941.8858625552,240,110
421,-857948.5818723687,-857943.0170738838,250,110
422,-857948.847125158,-857944.028368152,260,110
423,-857949.7573455567,-857944.9827473108,270,110
424,-857950.5184491854,-857945.7452340726,280,110
425,-857951.4050825423,-857946.3169579542,290,110
426,-857952.4663325422,-857946.8392968402,300,110
427,-857953.7640406261,-857947.3022733302,310,110
428,-857954.5133383608,-857947.6967885363,320,110
429,-857954.4606285287,-857947.9737084672,330,110
430,-857953.8126173757,-857947.9996873593,340,110
431,-857953.8906163541,-857947.6181615992,350,110
432,-857952.585813526,-857946.1367372333,0,120
433,-857951.95503052,-857944.7164950409,10,120
434,-857951.266113484,-857942.5302520341,20,120
435,-857950.3019965467,-857940.2545889269,30,120
436,-857955.0597091338,-857951.794174397,40,120
437,-857953.8118540858,-857951.1003999227,50,120
438,-857952.6436893549,-857950.7086457582,60,120
439,-857951.8675689542,-857950.6809725903,70,120
440,-857951.6157289407,-857950.8769437991,80,120
441,-857954.9445963313,-857954.9575751568,90,120
442,-857955.0045865687,-857955.2636115272,100,120
443,-857955.0283361141,-857955.4668618458,110,120
444,-857955.2716971267,-857955.6140128174,120,120
445,-857956.1248243906,-857955.7430287653,130,120
446,-857956.9046814131,-857955.804085437,140,120
447,-857956.83231031,-857955.6066082056,150,120
448,-857955.5626572104,-857954.822723371,160,120
449,-857958.6599113792,-857958.930274885,170,120
450,-857958.2667140283,-857957.9145880506,180,120
451,-857952.8158249434,-857950.9947900783,190,120
452,-857949.8931751816,-857948.3864214481,200,120
453,-857950.1172639143,-857948.2786780715,210,120
454,-857950.3899001941,-857948.4051839814,220,120
455,-857950.6512543696,-857948.6542424916,230,120
456,-857951.5191061896,-857950.0049566341,240,120
457,-857951.9205024705,-857951.0786880949,250,120
458,-857952.9642568537,-857952.1731901193,260,120
459,-857953.7511865863,-857953.0446125257,270,120
460,-857954.8501375451,-857953.5976366249,280,120
461,-857955.5259812858,-857954.2833162271,290,120
462,-857955.8153344423,-857954.6916993927,300,120
463,-857956.0004408255,-857954.7687575562,310,120
464,-857956.1841146282,-857954.7366290711,320,120
465,-857956.0423348878,-857954.9988025293,330,120
466,-857955.917165825,-857955.4506721013,340,120
467,-857956.1514980769,-857955.6962793095,350,120
468,-857956.6039138464,-857956.104913479,0,130
469,-857959.5135325823,-857957.4816065136,10,130
470,-857958.6675646404,-857956.4933418431,20,130
471,-857955.5964682029,-857953.0204534109,30,130
472,-857954.1607450887,-857951.9539383091,40,130
473,-857952.937200139,-857951.2517552078,50,130
474,-857952.4854446838,-857950.9549432267,60,130
475,-857951.5586138722,-857951.0183216835,70,130
476,-857954.8808251208,-857954.9614657155,80,130
477,-857955.0056882248,-857955.3304412862,90,130
478,-857955.0917047368,-857955.6719946929,100,130
479,-857955.3855001122,-857955.9833648938,110,130
480,-857956.1661756514,-857956.2791728597,120,130
481,-857957.05896828,-857956.5786831317,130,130
482,-857957.8749720408,-857956.8206507848,140,130
483,-857957.4279703425,-857956.4474081498,150,130
484,-857958.7967219424,-857959.0428500846,160,130
485,-857958.758259173,-857957.5138605005,170,130
486,-857958.2450573866,-857958.3980213492,180,130
487,-857957.3787836751,-857958.0299870429,190,130
488,-857956.7823035553,-857957.1341545179,200,130
489,-857955.647405207,-857955.8752450114,210,130
490,-857954.3939130243,-857954.3749326102,220,130
491,-857965.1503522106,-857964.6810227075,230,130
492,-857966.1944719985,-857966.1946383095,240,130
493,-857967.7440556902,-857967.5584046491,250,130
494,-857969.2336342789,-857968.4989158486,260,130
495,-857969.906830699,-857968.756194733,270,130
496,-857969.4405287968,-857968.2243177028,280,130
497,-857967.8044234769,-857966.9222355444,290,130
498,-857965.1861585645,-857965.0148577476,300,130
499,-857962.1846854815,-857962.7422694371,310,130
500,-857959.3862180186,-857960.2773494726,320,130
501,-857957.0388439707,-857958.0604212523,330,130
502,-857955.2383983637,-857956.594935627,340,130
503,-857960.458019743,-857955.6910082299,350,130
504,-857963.1998067584,-857961.9830457246,0,140
505,-857958.4696225442,-857957.8913074492,10,140
506,-857958.2305756088,-857957.3000680229,20,140
507,-857956.9271894174,-857955.7297255645,30,140
508,-857954.597871978,-857953.2263392692,40,140
509,-857953.452272387,-857951.5903593198,50,140
510,-857952.3095147718,-857950.2505638421,60,140
511,-857950.2361131469,-857948.8305099028,70,140
512,-857948.9684910215,-857947.3555488844,80,140
513,-857951.2899811084,-857949.9047433712,90,140
514,-857951.3318953239,-857949.5571658736,100,140
515,-857951.1096129771,-857949.3549195701,110,140
516,-857951.4558995682,-857949.7502505387,120,140
517,-857951.5635573445,-857951.1806583843,130,140
518,-857952.1959478256,-857952.8276197496,140,140
519,-857954.3881578837,-857954.5472467118,150,140
520,-857955.5201588189,-857955.4312820586,160,140
521,-857959.990332388,-857960.4721284133,170,140
522,-857957.9099751546,-857958.5055137222,180,140
523,-857957.4317108907,-857957.9371783917,190,140
524,-857956.8264895416,-857956.9927138826,200,140
525,-857955.767349311,-857955.7461035617,210,140
526,-857954.9303594867,-857954.381333207,220,140
527,-857954.7605624842,-857954.1288233947,230,140
528,-857954.3233761216,-857953.9446493641,240,140
529,-857969.5831681001,-857969.3789351347,250,140
530,-857970.9283688461,-857970.1759976685,260,140
531,-857956.748557168,-857955.6242412218,270,140
532,-857956.9588171138,-857955.6904434713,280,140
533,-857956.7742389491,-857955.4473463012,290,140
534,-857956.2755349297,-857955.4469070445,300,140
535,-857956.4729804111,-857955.8141255887,310,140
536,-857957.1804456022,-857956.3172626848,320,140
537,-857957.8738784202,-857956.74415738,330,140
538,-857958.0380121996,-857956.9839287499,340,140
539,-857958.309572236,-857957.3493275165,350,140
540,-857959.4194023827,-857958.6175869143,0,150
541,-857959.2481353697,-857958.442574522,10,150
542,-857958.3725802299,-857957.2671237754,20,150
543,-857956.334141038,-857954.9777182109,30,150
544,-857954.054063621,-857952.687622386,40,150
545,-857952.9426111149,-857951.2432838299,50,150
546,-857951.4309182706,-857949.888239872,60,150
547,-857952.261527504,-857950.7802445891,70,150
548,-857951.9822987741,-857950.4588969875,80,150
549,-857951.5309736024,-857950.1203556263,90,150
550,-857951.7418160259,-857949.8555466285,100,150
551,-857951.968482552,-857950.0713471365,110,150
552,-857951.2946289451,-857950.5154355912,120,150
553,-857951.2970354735,-857951.9669905062,130,150
554,-857953.5624485475,-857953.9363662391,140,150
555,-857955.183389604,-857955.181596039,150,150
556,-857955.7450853722,-857955.6782070366,160,150
557,-857958.3427713201,-857958.7117760862,170,150
558,-857957.6077152423,-857958.4276397965,180,150
559,-857957.3833435987,-857957.7685038451,190,150
560,-857956.8018387574,-857956.7894635639,200,150
561,-857955.6212425905,-857955.1637747699,210,150
562,-857955.6601334063,-857954.9945982158,220,150
563,-857955.4813262253,-857954.9005345457,230,150
564,-857954.9735204207,-857954.763988484,240,150
565,-857971.0523945129,-857970.8300507931,250,150
566,-857972.0077768685,-857971.2900779885,260,150
567,-857957.8793287069,-857956.7537582748,270,150
568,-857957.7803874229,-857956.3510226945,280,150
569,-857957.185551989,-857956.0121675786,290,150
570,-857957.1416108811,-857956.1800891139,300,150
571,-857957.4771152698,-857956.5981986762,310,150
572,-857958.1465130746,-857957.1224200908,320,150
573,-857958.7950399179,-857957.5062048851,330,150
574,-857958.9824096893,-857957.7346183335,340,150
575,-857959.4091408562,-857958.215855349,350,150
576,-857959.9969115152,-857959.23461698,0,160
577,-857959.5471075813,-857958.607107506,10,160
578,-857957.9426954852,-857956.741772844,20,160
579,-857955.3173617068,-857954.0934946112,30,160
580,-857954.0769682506,-857952.3634509918,40,160
581,-857952.6450550474,-857950.9728272466,50,160
582,-857951.1039318014,-857949.506525859,60,160
583,-857952.639166222,-857951.0719109926,70,160
584,-857952.2619746533,-857950.7045041957,80,160
585,-857952.3730591477,-857950.373743952,90,160
586,-857952.1974702777,-857950.2574036954,100,160
587,-857952.6825858229,-857950.8015171603,110,160
588,-857952.0149616129,-857951.2944886029,120,160
589,-857952.7722716396,-857953.2346223943,130,160
590,-857954.6574357578,-857954.8426781722,140,160
591,-857955.8800627763,-857955.6868039164,150,160
592,-857958.5878813546,-857958.6322078849,160,160
593,-857957.94710116,-857958.6242385147,170,160
594,-857957.6884395787,-857958.2626048048,180,160
595,-857957.4623674285,-857957.534756566,190,160
596,-857956.6150174033,-857956.71303291,200,160
597,-857955.9595223229,-857955.302015107,210,160
598,-857956.2417162759,-857955.6453255402,220,160
599,-857955.9600316575,-857955.6159580968,230,160
600,-857970.5883596056,-857970.7639740456,240,160
601,-857972.2263725244,-857971.8355719742,250,160
602,-857958.8088744212,-857957.7061921543,260,160
603,-857958.9297202661,-857957.4655422712,270,160
604,-857958.0763828872,-857956.7983741984,280,160
605,-857957.8109921307,-857956.7065695624,290,160
606,-857957.8218081285,-857956.8967049329,300,160
607,-857958.3988057622,-857957.3644504949,310,160
608,-857959.0831533049,-857957.8556021601,320,160
609,-857959.5656209361,-857958.1249919771,330,160
610,-857959.9773527083,-857958.5149891152,340,160
611,-857960.1243855051,-857959.0398380392,350,160
612,-857960.4593813901,-857959.6183390231,0,170
613,-857959.3696833419,-857958.3107975324,10,170
614,-857957.1069278066,-857955.8033324258,20,170
615,-857954.7997204406,-857953.5498831541,30,170
616,-857953.8122506287,-857952.0873468232,40,170
617,-857952.274636476,-857950.6614570457,50,170
618,-857953.3076635004,-857951.7510017452,60,170
619,-857952.9053824354,-857951.3376612547,70,170
620,-857952.4033454871,-857950.9513664227,80,170
621,-857952.6927944507,-857950.7114695508,90,170
622,-857951.449887459,-857951.0209572233,100,170
623,-857952.3854681248,-857951.536393505,110,170
624,-857952.0116748526,-857952.589730908,120,170
625,-857953.9739181371,-857954.4153442205,130,170
626,-857955.5855872254,-857955.5749817281,140,170
627,-857957.2892094997,-857957.6679140765,150,170
628,-857958.0489825284,-857958.5837014026,160,170
629,-857957.8576247551,-857958.4838646454,170,170
630,-857957.7015142165,-857958.0486240742,180,170
631,-857957.2999448305,-857957.4641617502,190,170
632,-857956.3342216507,-857956.2098958138,200,170
633,-857956.651054838,-857956.181218631,210,170
634,-857956.6609993565,-857956.2568962735,220,170
635,-857956.6581585677,-857956.2403300233,230,170
636,-857959.088515181,-857956.3138113826,240,170
637,-857959.3872700452,-857958.4310910985,250,170
638,-857959.9358422405,-857958.5062039826,260,170
639,-857959.5706305112,-857957.8775022407,270,170
640,-857958.6211067919,-857957.3890488662,280,170
641,-857958.3561379089,-857957.3099199216,290,170
642,-857958.5908436284,-857957.574226912,300,170
643,-857959.1606190426,-857958.0296105372,310,170
644,-857959.7848269937,-857958.4117638068,320,170
645,-857960.382609187,-857958.7760330564,330,170
646,-857960.8185137936,-857959.2945441346,340,170
647,-857960.6554194305,-857959.7477942277,350,170
648,-857960.5286026316,-857959.5746016129,0,180
649,-857958.7389232104,-857957.6071711594,10,180
650,-857956.1346224498,-857954.9577006587,20,180
651,-857954.8726250952,-857953.2356264095,30,180
652,-857953.498235091,-857951.8261773802,40,180
653,-857954.0179858984,-857952.5081546764,50,180
654,-857953.5506020093,-857952.0151204829,60,180
655,-857953.077399388,-857951.5607408728,70,180
656,-857953.2572565592,-857951.19427534,80,180
657,-857953.4160692985,-857951.1300811208,90,180
658,-857952.377531738,-857951.6843602392,100,180
659,-857953.071636586,-857952.0688980448,110,180
660,-857953.2451121891,-857953.8249833074,120,180
661,-857954.9343289516,-857955.3095452207,130,180
662,-857956.0456973022,-857956.0217057226,140,180
663,-857958.0455974406,-857958.3057147057,150,180
664,-857957.8114675876,-857958.4507948961,160,180
665,-857957.6779126374,-857958.3123663062,170,180
666,-857957.6211167315,-857957.9555016684,180,180
667,-857957.7545832711,-857957.6083634275,190,180
668,-857956.7126763196,-857956.5857739886,200,180
669,-857957.0127115154,-857956.6837909685,210,180
670,-857956.9072032124,-857956.749993218,220,180
671,-857959.4493608293,-857956.840668337,230,180
672,-857959.6548189409,-857958.7455988469,240,180
673,-857960.5928069749,-857959.3080983392,250,180
674,-857960.5896694411,-857958.9416328066,260,180
675,-857959.3704540647,-857958.2147258319,270,180
676,-857959.0000726769,-857957.8650148022,280,180
677,-857958.8758387672,-857957.8551001525,290,180
678,-857959.2880310297,-857958.1391736913,300,180
679,-857959.8650734898,-857958.5271000481,310,180
680,-857960.4345764576,-857958.914775401,320,180
681,-857961.2007516184,-857959.447844699,330,180
682,-857961.3428955033,-857960.0106579462,340,180
683,-857961.172854727,-857960.2361221003,350,180
684,-857960.1271751851,-857959.0741628074,0,190
685,-857957.6636567445,-857956.5938061101,10,190
686,-857955.5464143481,-857954.3764386331,20,190
687,-857954.6404227477,-857952.9617812751,30,190
688,-857953.7364114054,-857951.5578543291,40,190
689,-857954.2589471079,-857952.7594094697,50,190
690,-857953.7081907947,-857952.2109661896,60,190
691,-857953.0832900669,-857951.7352512574,70,190
692,-857953.9046318247,-857951.4846867245,80,190
693,-857952.4677392533,-857951.8060970771,90,190
694,-857953.1796786599,-857952.4031095904,100,190
695,-857952.6557054371,-857953.2713944495,110,190
696,-857954.1498541397,-857954.9322865249,120,190
697,-857955.5774719944,-857955.909193274,130,190
698,-857956.0631976858,-857956.272835014,140,190
699,-857957.4617855992,-857958.1992263481,150,190
700,-857957.6508352308,-857958.2973688297,160,190
701,-857957.4690787976,-857958.1776400221,170,190
702,-857957.4443915241,-857958.0161190835,180,190
703,-857956.4594151856,-857956.8776913959,190,190
704,-857956.9986776634,-857956.9204247912,200,190
705,-857957.1599922864,-857957.037455308,210,190
706,-857957.7018842051,-857957.1772016678,220,190
707,-857959.800137059,-857958.7341154235,230,190
708,-857960.8254585355,-857959.7209368221,240,190
709,-857961.302376895,-857959.8042700803,250,190
710,-857960.8007557659,-857959.0931763444,260,190
711,-857959.6375061265,-857958.5404659999,270,190
712,-857959.2443013793,-857958.2250169873,280,190
713,-857959.3346008756,-857958.260094767,290,190
714,-857959.8601149963,-857958.5110985566,300,190
715,-857960.437501265,-857958.8894867693,310,190
716,-857961.1487616012,-857959.406115319,320,190
717,-857961.8070871794,-857960.0872141022,330,190
718,-857961.8096181651,-857960.5746007105,340,190
719,-857961.3936644796,-857960.4228061688,350,190
720,-857959.1677753604,-857958.1531044017,0,200
721,-857956.736082029,-857955.6346578791,10,200
722,-857955.6112203358,-857954.0367677547,20,200
723,-857954.387946125,-857952.7157348103,30,200
724,-857955.0055183704,-857953.5405960138,40,200
725,-857954.3702582453,-857952.9109530078,50,200
726,-857954.2996174996,-857952.3119324639,60,200
727,-857954.2970732002,-857951.88246498,70,200
728,-857953.7944822368,-857951.93743481,80,200
729,-857953.7150454184,-857952.3423666734,90,200
730,-857953.926064709,-857952.7695123722,100,200
731,-857953.5241382645,-857954.3547268052,110,200
732,-857954.7356642373,-857955.5665103502,120,200
733,-857955.5947996838,-857956.1329631524,130,200
734,-857957.0217377468,-857957.7827483101,140,200
735,-857957.3363179376,-857958.0014981128,150,200
736,-857957.384370459,-857958.1327730947,160,200
737,-857957.3290651733,-857958.16690961,170,200
738,-857958.7710165472,-857958.2489250982,180,200
739,-857956.5827654254,-857957.0439186556,190,200
740,-857957.0889480944,-857957.1050380784,200,200
741,-857957.7544505453,-857957.2787327006,210,200
742,-857960.293088239,-857959.5601688949,220,200
743,-857960.6568094855,-857959.7462882049,230,200
744,-857961.5757090286,-857960.306779667,240,200
745,-857961.4510793706,-857959.8863483195,250,200
746,-857960.1047427437,-857959.2017982344,260,200
747,-857959.6742098932,-857958.6551747317,270,200
748,-857959.4252832726,-857958.3901147299,280,200
749,-857959.7330922284,-857958.4398134802,290,200
750,-857960.3050150702,-857958.7462263564,300,200
751,-857960.9000930359,-857959.205814295,310,200
752,-857961.6570095513,-857959.8957609616,320,200
753,-857962.2487393017,-857960.5840133525,330,200
754,-857961.9419149185,-857960.808912748,340,200
755,-857961.1142405648,-857960.1027763371,350,200
756,-857958.0062990146,-857956.9740141003,0,210
757,-857956.1408367751,-857954.9854993285,10,210
758,-857955.366487595,-857953.7466701249,20,210
759,-857955.6526102044,-857954.2905953369,30,210
760,-857955.0814935247,-857953.6438213222,40,210
761,-857954.8799364835,-857952.9150318193,50,210
762,-857954.7744843115,-857952.3168270378,60,210
763,-857954.7607054828,-857951.992279138,70,210
764,-857953.5341795125,-857952.2112171933,80,210
765,-857953.8969221768,-857952.4336065509,90,210
766,-857953.1387492999,-857953.7253975539,100,210
767,-857953.9059220181,-857955.0057678844,110,210
768,-857954.8471090865,-857955.7201874205,120,210
769,-857955.2064940116,-857955.9923382793,130,210
770,-857956.5440543169,-857957.5181275649,140,210
771,-857956.9834140862,-857957.7897136653,150,210
772,-857957.0494339012,-857958.0730341928,160,210
773,-857958.367077072,-857958.3355841566,170,210
774,-857959.1651484943,-857958.3284305487,180,210
775,-857959.0735270543,-857958.4844294039,190,210
776,-857959.0487287239,-857958.9563792791,200,210
777,-857959.8441951775,-857959.401597251,210,210
778,-857960.2366407352,-857959.3959496657,220,210
779,-857961.3354352722,-857960.3314407894,230,210
780,-857961.6306530281,-857960.3406024276,240,210
781,-857961.036550595,-857959.6517225272,250,210
782,-857959.9282419508,-857959.0379555108,260,210
783,-857959.4310811667,-857958.5247782631,270,210
784,-857959.5185252185,-857958.3333251226,280,210
785,-857959.9779450115,-857958.4667336367,290,210
786,-857960.5481346286,-857958.8184526969,300,210
787,-857961.1960917965,-857959.4498527294,310,210
788,-857961.9152157098,-857960.2155397895,320,210
789,-857962.2032862429,-857960.738568936,330,210
790,-857961.7073103482,-857960.5501905918,340,210
791,-857960.2696216503,-857959.241645086,350,210
792,-857956.859983179,-857955.8204006834,0,220
793,-857956.0022239991,-857954.5752963852,10,220
794,-857956.1908291113,-857954.9547513642,20,220
795,-857955.7265574253,-857954.3333287323,30,220
796,-857955.044623529,-857953.5495066484,40,220
797,-857955.2865585999,-857952.7645550475,50,220
798,-857955.1786730028,-857952.2075776384,60,220
799,-857954.9860125717,-857952.0859035514,70,220
800,-857953.8813470616,-857952.3080419052,80,220
801,-857953.7136057519,-857953.0638770666,90,220
802,-857953.4942138233,-857954.2438458812,100,220
803,-857953.8652684375,-857955.114829031,110,220
804,-857954.3951613865,-857955.397459298,120,220
805,-857955.7890684849,-857956.8103596295,130,220
806,-857956.1428662974,-857957.1728718525,140,220
807,-857956.5023233882,-857957.6569954115,150,220
808,-857957.422742635,-857958.0575347088,160,220
809,-857958.6906099949,-857958.3831493747,170,220
810,-857958.8703811844,-857958.1532926544,180,220
811,-857958.6500835974,-857958.5702099489,190,220
812,-857959.0584678577,-857958.9083120534,200,220
813,-857959.5174040302,-857958.8023257033,210,220
814,-857960.5330467045,-857959.8489487548,220,220
815,-857961.2249690051,-857960.2428992025,230,220
816,-857960.9295457456,-857959.8255426513,240,220
817,-857959.8971746616,-857959.1709247683,250,220
818,-857959.5129496573,-857958.5936788032,260,220
819,-857959.168978394,-857958.2417714903,270,220
820,-857959.4835944806,-857958.1013976211,280,220
821,-857960.0091615272,-857958.2643618314,290,220
822,-857960.5110422272,-857958.7710757315,300,220
823,-857961.1355549501,-857959.4801614371,310,220
824,-857961.8583748044,-857960.142246683,320,220
825,-857961.8457516169,-857960.3496385639,330,220
826,-857960.9617030119,-857959.6586878824,340,220
827,-857958.9761736859,-857957.97150316,350,220
828,-857956.2983416059,-857955.0918621842,0,230
829,-857956.5044573471,-857955.39494926,10,230
830,-857956.1404721648,-857954.8996560323,20,230
831,-857955.6104248759,-857954.1282586361,30,230
832,-857955.8082114633,-857953.1994191129,40,230
833,-857954.4949493672,-857953.3602497911,50,230
834,-857954.0617114125,-857952.6772057287,60,230
835,-857953.7658669734,-857951.9685592799,70,230
836,-857953.6391580721,-857952.4058078812,80,230
837,-857953.1266804836,-857953.396017831,90,230
838,-857953.29321802,-857954.2301661746,100,230
839,-857953.379642343,-857954.6058560966,110,230
840,-857953.500364475,-857954.6371688194,120,230
841,-857955.0851953737,-857956.235937457,130,230
842,-857955.4239212695,-857956.8623801648,140,230
843,-857955.9803575164,-857957.4415086582,150,230
844,-857957.5518585349,-857958.008337966,160,230
845,-857958.1241429095,-857958.0519498744,170,230
846,-857957.7972029377,-857957.928393259,180,230
847,-857957.7040952425,-857958.1020251304,190,230
848,-857958.3807664305,-857958.0271004994,200,230
849,-857959.2692118074,-857958.9623406192,210,230
850,-857960.1956879075,-857959.5762958884,220,230
851,-857960.2299362968,-857959.4866875355,230,230
852,-857959.5507833692,-857958.9497904298,240,230
853,-857959.1800265776,-857958.3910559941,250,230
854,-857958.7958971522,-857957.9617767631,260,230
855,-857958.7231248401,-857957.6970305161,270,230
856,-857959.1848550757,-857957.6738126655,280,230
857,-857959.6543167742,-857957.9334760858,290,230
858,-857960.1114602489,-857958.469933935,300,230
859,-857960.7934352186,-857959.0712135128,310,230
860,-857961.1891107571,-857959.4733843347,320,230
861,-857961.009831297,-857959.2926616062,330,230
862,-857959.675386062,-857958.2669973712,340,230
863,-857957.7944720369,-857956.4929025866,350,230
864,-857956.5312801865,-857955.4986138252,0,240
865,-857956.0039613876,-857955.2124695051,10,240
866,-857955.2894969673,-857954.5752963852,20,240
867,-857956.3264148895,-857953.5442983197,30,240
868,-857954.3273618771,-857953.404300956,40,240
869,-857953.8353604331,-857952.5810085263,50,240
870,-857953.5971732887,-857951.6954044058,60,240
871,-857953.3966523671,-857951.7849500077,70,240
872,-857953.2299669376,-857952.4998088004,80,240
873,-857953.1473594563,-857953.1733147188,90,240
874,-857952.511236983,-857953.5674534193,100,240
875,-857952.5188661462,-857953.5126090914,110,240
876,-857953.4346169969,-857954.9364280875,120,240
877,-857953.9178564101,-857955.6281945315,130,240
878,-857954.5730299535,-857956.4538087463,140,240
879,-857955.9734911134,-857957.1672242671,150,240
880,-857956.6797021984,-857957.4974197524,160,240
881,-857956.6813963038,-857957.2715163418,170,240
882,-857956.2766303034,-857957.0560295884,180,240
883,-857956.8838834119,-857957.1177137698,190,240
884,-857957.6662785609,-857957.7535063687,200,240
885,-857958.6573578663,-857958.3813923483,210,240
886,-857959.0110054844,-857958.5158676285,220,240
887,-857958.8238066997,-857958.2212519305,230,240
888,-857958.3855807019,-857957.8091037081,240,240
889,-857958.1583241737,-857957.4252561629,250,240
890,-857957.9054258784,-857957.1755701433,260,240
891,-857958.0376651218,-857957.0113509139,270,240
892,-857958.4857554,-857957.0011225095,280,240
893,-857958.8375755203,-857957.2503692724,290,240
894,-857959.2823557256,-857957.6394251463,300,240
895,-857959.8655422991,-857958.0105342492,310,240
896,-857960.0345671271,-857958.0928634922,320,240
897,-857959.5429197008,-857957.6662825518,330,240
898,-857958.5044616754,-857956.5570968058,340,240
899,-857956.5251731742,-857955.2196231132,350,240
900,-857956.139616273,-857955.092050437,0,250
901,-857955.604970827,-857954.7135367225,10,250
902,-857955.565301052,-857953.8151314086,20,250
903,-857956.2407464872,-857953.1061084542,30,250
904,-857953.5239414998,-857952.3214706079,40,250
905,-857953.4885936275,-857951.4716972784,50,250
906,-857953.1846652966,-857951.2520689626,60,250
907,-857953.2839679035,-857951.6328417113,70,250
908,-857953.1630808391,-857952.0712825806,80,250
909,-857952.9576577558,-857952.3264906837,90,250
910,-857951.5544391592,-857952.1977884907,100,250
911,-857951.4853585147,-857953.202933166,110,250
912,-857951.7569739518,-857953.9567602968,120,250
913,-857952.7856728091,-857954.9817342716,130,250
914,-857954.4628771788,-857955.8739899925,140,250
915,-857954.9204126307,-857956.4090045699,150,250
916,-857954.9990540895,-857956.4015372072,160,250
917,-857954.9268150915,-857956.1543612254,170,250
918,-857955.5691676601,-857956.0607995628,180,250
919,-857956.4064489149,-857956.3375939918,190,250
920,-857957.2479642554,-857956.8011352401,200,250
921,-857957.8340212493,-857956.9977967092,210,250
922,-857957.7610012372,-857956.9124554208,220,250
923,-857957.3011488776,-857956.6704250168,230,250
924,-857957.1848463368,-857956.4907690543,240,250
925,-857957.0097830191,-857956.3501441812,250,250
926,-857956.9368946643,-857956.2294741094,260,250
927,-857957.1219045554,-857956.0630585969,270,250
928,-857957.3717678813,-857955.9880084639,280,250
929,-857957.6939897545,-857956.0412840183,290,250
930,-857958.0115915188,-857956.171617736,300,250
931,-857958.2091036236,-857956.232360653,310,250
932,-857958.3002948529,-857956.128633337,320,250
933,-857958.8143168641,-857955.6954007962,330,250
934,-857957.2306674029,-857954.8492670216,340,250
935,-857956.5050282186,-857955.0405319093,350,250
936,-857956.1541873016,-857954.4121439221,0,260
937,-857955.8634357713,-857953.8573627962,10,260
938,-857955.1914326872,-857952.6503483233,20,260
939,-857956.0777985378,-857952.2631122269,30,260
940,-857953.5403053084,-857951.3055327698,40,260
941,-857953.4247451465,-857950.7930457824,50,260
942,-857953.353428426,-857950.9009774119,60,260
943,-857953.4591415569,-857951.0414767831,70,260
944,-857953.3049875709,-857951.0375862244,80,260
945,-857951.5508695702,-857950.7818761137,90,260
946,-857952.1049986072,-857953.1512891363,100,260
947,-857950.1508455883,-857951.8778214098,110,260
948,-857950.7379574031,-857953.008405229,120,260
949,-857952.8662583473,-857954.0806934179,130,260
950,-857954.1396737829,-857954.8232253785,140,260
951,-857954.5324099036,-857955.0351980787,150,260
952,-857954.4638828814,-857954.8743046497,160,260
953,-857954.3642581896,-857954.7590939101,170,260
954,-857955.0026147207,-857954.7813077456,180,260
955,-857955.7351497205,-857955.024153912,190,260
956,-857956.3574749741,-857955.1572486714,200,260
957,-857956.527196204,-857955.1566211618,210,260
958,-857956.1550202462,-857955.0649420278,220,260
959,-857956.1131961127,-857955.0433557018,230,260
960,-857956.0113180315,-857955.0862773499,240,260
961,-857955.9038990522,-857955.1515383351,250,260
962,-857955.8967291011,-857955.0496935477,260,260
963,-857955.9730399917,-857954.7579643932,270,260
964,-857955.9470078364,-857954.4570736005,280,260
965,-857956.1729725276,-857954.2475481872,290,260
966,-857956.4038991458,-857954.1151436882,300,260
967,-857956.5910546747,-857954.0387130342,310,260
968,-857958.0434414931,-857953.9312206613,320,260
969,-857957.6066943539,-857953.7066977716,330,260
970,-857956.3650363912,-857953.9713185166,340,260
971,-857956.2623487875,-857954.4057433255,350,260
972,-857956.0149146406,-857953.5075890155,0,270
973,-857955.5422759602,-857952.6644672863,10,270
974,-857956.3826475118,-857952.111380436,20,270
975,-857955.4764899289,-857951.074985789,30,270
976,-857953.6627147611,-857950.4167911018,40,270
977,-857953.4005861463,-857950.333269591,50,270
978,-857953.5417882305,-857950.1822908114,60,270
979,-857953.5148893167,-857949.8861063397,70,270
980,-857953.0575127798,-857949.3866087985,80,270
981,-857950.4516538355,-857948.786019481,90,270
982,-857950.7521883214,-857949.2399598345,100,270
983,-857949.0277094766,-857950.692142259,110,270
984,-857950.8658590377,-857951.8594981333,120,270
985,-857952.535765707,-857952.7910986982,130,270
986,-857953.4982229645,-857953.2444742932,140,270
987,-857953.8419308398,-857953.2562087202,150,270
988,-857953.7120682236,-857953.1666631183,160,270
989,-857953.7050201227,-857953.0617435344,170,270
990,-857954.232414667,-857953.1238669722,180,270
991,-857954.8359500014,-857953.1859904102,190,270
992,-857955.1258377318,-857953.1617685443,200,270
993,-857954.9634531024,-857953.1292635537,210,270
994,-857954.8638704881,-857953.2061334642,220,270
995,-857954.8428455885,-857953.4361156864,230,270
996,-857954.7481968132,-857953.6868684721,240,270
997,-857954.7238825781,-857953.7794261195,250,270
998,-857954.7070457322,-857953.5485026331,260,270
999,-857954.5523765857,-857953.0451772843,270,270
1000,-857954.4237664135,-857952.5046406233,280,270
1001,-857954.4898165904,-857952.0809462266,290,270
1002,-857954.7685665943,-857951.8578666087,300,270
1003,-857955.2298710481,-857951.7747216033,310,270
1004,-857955.4468982565,-857951.8102386396,320,270
1005,-857955.6623127302,-857952.209334665,330,270
1006,-857956.01873897,-857953.0474990692,340,270
1007,-857956.1071119471,-857953.5323128888,350,270
1008,-857955.1188059854,-857952.2737798879,0,280
1009,-857955.9812914002,-857951.8125604247,10,280
1010,-857954.9317944412,-857950.8721119761,20,280
1011,-857953.685363673,-857950.0947532399,30,280
1012,-857953.233195704,-857949.8819647772,40,280
1013,-857953.4355808683,-857949.508910395,50,280
1014,-857953.4732762935,-857948.9430851025,60,280
1015,-857953.0332071283,-857948.1907639942,70,280
1016,-857951.925137692,-857947.3135685007,80,280
1017,-857948.9620086147,-857946.5778763935,90,280
1018,-857947.5535003445,-857948.2892202305,100,280
1019,-857948.360889849,-857949.4263928992,110,280
1020,-857950.1708351446,-857950.4217484267,120,280
1021,-857951.5738913291,-857951.096509364,130,280
1022,-857952.3869975306,-857951.2878997535,140,280
1023,-857952.8367537892,-857951.3020814676,150,280
1024,-857952.6220442554,-857951.1962833703,160,280
1025,-857952.5898210051,-857951.1600760737,170,280
1026,-857953.1354713514,-857951.1881257471,180,280
1027,-857953.6595938648,-857951.1851137016,190,280
1028,-857953.916189343,-857951.1796543692,200,280
1029,-857953.7866359729,-857951.2454173621,210,280
1030,-857953.5656590783,-857951.5215215306,220,280
1031,-857953.4748881792,-857951.9341717607,230,280
1032,-857953.4769081316,-857952.2567743812,240,280
1033,-857953.466389929,-857952.2338702853,250,280
1034,-857953.3471200649,-857951.7717723089,260,280
1035,-857953.0416065395,-857951.0478773797,270,280
1036,-857952.9417203956,-857950.3345246098,280,280
1037,-857953.0165226319,-857949.8291912305,290,280
1038,-857953.251915923,-857949.644954449,300,280
1039,-857953.8334165,-857949.763114483,310,280
1040,-857954.3177007169,-857950.1620850064,320,280
1041,-857954.5664315954,-857950.9690621899,330,280
1042,-857955.0889751782,-857951.9083811212,340,280
1043,-857955.2998769563,-857952.4586441789,350,280
1044,-857953.808119884,-857950.9356159349,0,290
1045,-857954.1559290825,-857950.4063744446,10,290
1046,-857953.3581738096,-857949.7813122576,20,290
1047,-857952.675948793,-857949.5794424599,30,290
1048,-857952.9843244565,-857949.1073670827,40,290
1049,-857952.5628549112,-857948.3107438056,50,290
1050,-857952.9045360584,-857947.3386061287,60,290
1051,-857950.5065126476,-857946.2306754016,70,290
1052,-857949.244796825,-857945.2026893814,80,290
1053,-857949.6377325413,-857946.1145233979,90,290
1054,-857947.0459537276,-857947.2274114499,100,290
1055,-857947.8223966148,-857948.1935250357,110,290
1056,-857949.0733725044,-857948.9117096286,120,290
1057,-857950.2379773988,-857949.1805346874,130,290
1058,-857951.0893065043,-857949.279994939,140,290
1059,-857951.4287912245,-857949.2587223678,150,290
1060,-857951.2294030789,-857949.3067895935,160,290
1061,-857951.3589305703,-857949.3963979464,170,290
1062,-857952.0741371776,-857949.4819274876,180,290
1063,-857952.7361160072,-857949.4902733637,190,290
1064,-857952.9056736743,-857949.5437371708,200,290
1065,-857952.7260584503,-857949.7943017037,210,290
1066,-857952.6067442072,-857950.214984055,220,290
1067,-857952.6760150783,-857950.7104655355,230,290
1068,-857952.6912856593,-857950.9298428477,240,290
1069,-857952.512357176,-857950.6747602465,250,290
1070,-857952.242837793,-857949.962160488,260,290
1071,-857951.9410666149,-857949.0657632046,270,290
1072,-857951.82670493,-857948.2679476595,280,290
1073,-857951.8764912877,-857947.7860203835,290,290
1074,-857952.0611764,-857947.7341881009,300,290
1075,-857952.4056819817,-857948.0682113939,310,290
1076,-857953.0798461175,-857948.7818151676,320,290
1077,-857953.6365376256,-857949.8183353166,330,290
1078,-857953.9459799808,-857950.7998856356,340,290
1079,-857953.9793380708,-857951.2986301655,350,290
1080,-857952.7487618041,-857950.0336338171,0,300
1081,-857953.0756254096,-857949.6017190462,10,300
1082,-857952.1458690874,-857949.5739203766,20,300
1083,-857952.2356198013,-857949.1356677599,30,300
1084,-857952.2832535538,-857948.2967503442,40,300
1085,-857951.8482393106,-857947.1413171501,50,300
1086,-857951.1727100393,-857945.8557384908,60,300
1087,-857950.0947741455,-857944.6654785208,70,300
1088,-857948.5726872224,-857943.712228879,80,300
1089,-857949.2698256336,-857946.1228065229,90,300
1090,-857947.5142724958,-857946.9632299613,100,300
1091,-857947.9168907763,-857947.5681490941,110,300
1092,-857948.6441345685,-857947.7414672109,120,300
1093,-857949.3530910733,-857947.6811635504,130,300
1094,-857949.9920289498,-857947.6718136593,140,300
1095,-857950.2942949893,-857947.8057869319,150,300
1096,-857950.6002241422,-857948.0760552624,160,300
1097,-857950.9490455633,-857948.382907395,170,300
1098,-857951.5664319104,-857948.5481933905,180,300
1099,-857951.9742887741,-857948.6372997358,190,300
1100,-857952.0608530641,-857948.7988834254,200,300
1101,-857952.0433215514,-857949.1859940197,210,300
1102,-857952.3025144925,-857949.7437244401,220,300
1103,-857952.6337809695,-857950.120794883,230,300
1104,-857952.5693128823,-857950.0567889167,240,300
1105,-857952.1536344555,-857949.4989329943,250,300
1106,-857951.6257198561,-857948.5502014208,260,300
1107,-857951.1967485953,-857947.5495120628,270,300
1108,-857951.024016905,-857946.7423466266,280,300
1109,-857951.061522971,-857946.3974674196,290,300
1110,-857951.2826784772,-857946.5365235191,300,300
1111,-857951.662047927,-857947.1576323963,310,300
1112,-857952.3086894703,-857948.1251265033,320,300
1113,-857952.9602182088,-857949.2445406537,330,300
1114,-857953.1669764671,-857950.1694268673,340,300
1115,-857953.0594780988,-857950.4514923757,350,300
1116,-857952.7729009708,-857950.3675316081,0,310
1117,-857952.1707699277,-857950.2737189418,10,310
1118,-857952.4773814564,-857949.9984305355,20,310
1119,-857952.5803984501,-857949.2235818371,30,310
1120,-857952.4217789052,-857948.1165923743,40,310
1121,-857952.2462724647,-857946.8545453205,50,310
1122,-857951.3160617885,-857945.6373651939,60,310
1123,-857949.9817938864,-857944.5277401913,70,310
1124,-857958.4579515584,-857954.2375080355,80,310
1125,-857957.4554460815,-857953.7139141306,90,310
1126,-857956.0750487807,-857953.0199514034,100,310
1127,-857961.6766518836,-857961.8352672436,110,310
1128,-857962.0696109217,-857961.9775236413,120,310
1129,-857965.520609082,-857963.0119730089,130,310
1130,-857966.8154534844,-857963.4154616006,140,310
1131,-857967.3398152236,-857963.4228034614,150,310
1132,-857966.8941606352,-857963.168097366,160,310
1133,-857962.6781187754,-857961.8914293414,170,310
1134,-857962.6583281024,-857962.2021092819,180,310
1135,-857962.9560556865,-857962.4686125554,190,310
1136,-857963.3794545272,-857962.558534663,200,310
1137,-857963.3725428046,-857962.4115719442,210,310
1138,-857962.9492938659,-857961.9133294221,220,310
1139,-857965.2161261517,-857965.2502993023,230,310
1140,-857964.692249704,-857964.47783514,240,310
1141,-857964.1941480872,-857963.7261415411,250,310
1142,-857960.6602660543,-857958.9792833751,260,310
1143,-857960.7845195055,-857958.6601320566,270,310
1144,-857961.135442496,-857958.6895622509,280,310
1145,-857961.5299289812,-857959.0072075465,290,310
1146,-857961.871046352,-857959.4708742967,300,310
1147,-857964.9395827841,-857963.6119975678,310,310
1148,-857965.5870408262,-857964.876115403,320,310
1149,-857963.0192468847,-857961.907430833,330,310
1150,-857963.6759704665,-857961.8540297768,340,310
1151,-857966.3486060777,-857967.6493935229,350,310
1152,-857965.2662687553,-857964.5823154673,0,320
1153,-857964.8040035986,-857964.4172177247,10,320
1154,-857964.1542593306,-857963.9413145398,20,320
1155,-857963.389581474,-857963.3823918514,30,320
1156,-857962.7675447654,-857962.7043051139,40,320
1157,-857961.0346952188,-857959.6595036447,50,320
1158,-857960.8218137306,-857959.2292203985,60,320
1159,-857960.667818559,-857958.757521527,70,320
1160,-857960.3331588305,-857958.1662821006,80,320
1161,-857959.6970579259,-857957.4996787865,90,320
1162,-857966.0039906631,-857965.9884386964,100,320
1163,-857965.3158512258,-857965.738564424,110,320
1164,-857964.5306799846,-857965.0162382686,120,320
1165,-857963.7025299364,-857964.0276598433,130,320
1166,-857958.324641797,-857957.2749676438,140,320
1167,-857958.2206620459,-857956.518567724,150,320
1168,-857963.2915179791,-857963.4422562552,160,320
1169,-857963.7004921044,-857963.9184731949,170,320
1170,-857963.9743900967,-857964.3783121373,180,320
1171,-857964.1527806454,-857964.6658369784,190,320
1172,-857964.2668721942,-857964.6915648668,200,320
1173,-857964.2032380288,-857964.2950416302,210,320
1174,-857963.7705598691,-857963.5445402993,220,320
1175,-857963.0916092765,-857962.5067023805,230,320
1176,-857962.3507277182,-857961.4608323404,240,320
1177,-857961.4107037608,-857960.731352577,250,320
1178,-857960.8909224087,-857960.2521863427,260,320
1179,-857960.8187492667,-857960.0195058298,270,320
1180,-857961.0201426081,-857960.1416191735,280,320
1181,-857961.6097997999,-857960.5818170694,290,320
1182,-857962.491767089,-857961.2558877462,300,320
1183,-857964.0641026591,-857962.172302582,310,320
1184,-857966.2660505727,-857966.0932955295,320,320
1185,-857965.5382970532,-857964.6905608515,330,320
1186,-857965.5023640916,-857964.9342855312,340,320
1187,-857965.7771589942,-857964.3377122744,350,320
1188,-857966.7071540861,-857966.2793520886,0,330
1189,-857966.199340748,-857966.2541262077,10,330
1190,-857965.6166924558,-857965.9153338427,20,330
1191,-857964.9236631572,-857965.4077414293,30,330
1192,-857964.2107464466,-857964.6624484272,40,330
1193,-857963.8486020395,-857963.6975271092,50,330
1194,-857963.3595309274,-857962.6108689532,60,330
1195,-857967.4650714552,-857966.681899416,70,330
1196,-857964.3260760666,-857963.5862696794,80,330
1197,-857965.3043076695,-857963.8849014381,90,330
1198,-857965.8622774725,-857963.9048562393,100,330
1199,-857965.8299497401,-857963.7088850306,110,330
1200,-857965.1826853397,-857963.2676203686,120,330
1201,-857964.5481285197,-857962.6233563918,130,330
1202,-857965.6669112158,-857961.87875365,140,330
1203,-857965.3544974828,-857961.3159404029,150,330
1204,-857969.8735856655,-857968.8314958698,160,330
1205,-857969.8194223421,-857968.9221709887,170,330
1206,-857969.4755591041,-857968.622472464,180,330
1207,-857970.6442646367,-857970.8592927346,190,330
1208,-857970.9656112411,-857971.1859114158,200,330
1209,-857970.7359273876,-857970.946014544,210,330
1210,-857969.9199261289,-857970.0451619432,220,330
1211,-857965.2532753602,-857964.6389795728,230,330
1212,-857964.5488430932,-857963.7480416219,240,330
1213,-857962.7572929183,-857960.0669455461,250,330
1214,-857962.1005435493,-857958.9824209224,260,330
1215,-857961.5598285391,-857958.3903657338,270,330
1216,-857961.2829210088,-857958.4327226231,280,330
1217,-857961.4480969253,-857959.0124158751,290,330
1218,-857961.8880564399,-857959.9709993475,300,330
1219,-857965.8215219574,-857961.1832849,310,330
1220,-857966.7928082068,-857965.6871086471,320,330
1221,-857967.3948134456,-857966.6307573939,330,330
1222,-857967.8076231504,-857966.945516146,340,330
1223,-857967.5335446475,-857966.492328804,350,330
1224,-857968.5841513439,-857967.7285224675,0,340
1225,-857968.1200300807,-857967.2113291591,10,340
1226,-857967.7335721324,-857966.9413745835,20,340
1227,-857967.6639117496,-857966.7981769216,30,340
1228,-857967.9845967247,-857966.9578153318,40,340
1229,-857968.572165414,-857967.3762386489,50,340
1230,-857969.170235504,-857967.9846090839,60,340
1231,-857969.6065664312,-857968.6064082215,70,340
1232,-857969.7690383027,-857969.0353736979,80,340
1233,-857969.5573486894,-857969.2396280316,90,340
1234,-857969.0331673606,-857969.1738022878,100,340
1235,-857968.3780865563,-857968.7694351828,110,340
1236,-857967.7299928091,-857968.1503970869,120,340
1237,-857967.2075673691,-857967.4502847668,130,340
1238,-857966.9809261553,-857967.2077523551,140,340
1239,-857966.9506284748,-857967.4350362865,150,340
1240,-857967.2236055591,-857967.8958792442,160,340
1241,-857967.5764339389,-857968.3621815342,170,340
1242,-857967.8213632983,-857968.7017896614,180,340
1243,-857968.0654747892,-857968.8321861301,190,340
1244,-857968.1866376695,-857968.6091692632,200,340
1245,-857968.0303733661,-857968.0679423419,210,340
1246,-857967.4981751612,-857967.2219968202,220,340
1247,-857966.837040526,-857966.2627230874,230,340
1248,-857966.1667572616,-857965.5262779689,240,340
1249,-857965.3999304067,-857965.1037130891,250,340
1250,-857964.9229912916,-857964.8108544177,260,340
1251,-857964.5765687786,-857964.6042155479,270,340
1252,-857964.4875088964,-857964.6327044781,280,340
1253,-857964.7313326368,-857964.8348252795,290,340
1254,-857965.7819789272,-857965.1546041075,300,340
1255,-857967.0500994659,-857966.0764782756,310,340
1256,-857968.2365463433,-857967.1168262324,320,340
1257,-857968.973634436,-857967.9501588136,330,340
1258,-857969.2149828926,-857968.351764877,340,340
1259,-857969.0204419831,-857968.216913091,350,340
1260,-857969.4687051746,-857969.0107753264,0,350
1261,-857969.0300689824,-857968.5304795752,10,350
1262,-857968.7240400043,-857968.2893904352,20,350
1263,-857968.8867478328,-857968.2457157759,30,350
1264,-857969.3839479916,-857968.3608637644,40,350
1265,-857969.9329505345,-857968.7110140508,50,350
1266,-857970.3620966445,-857969.1988399158,60,350
1267,-857970.6143109201,-857969.6534705296,70,350
1268,-857970.6371444704,-857969.9902548643,80,350
1269,-857970.3456403615,-857970.1345820433,90,350
1270,-857969.8412938835,-857970.0818712474,100,350
1271,-857969.2853987305,-857969.7466556865,110,350
1272,-857968.7231313599,-857969.2287093668,120,350
1273,-857968.290291756,-857968.6837801395,130,350
1274,-857968.1471918799,-857968.5402687229,140,350
1275,-857968.1827234772,-857968.8328763905,150,350
1276,-857968.4092682628,-857969.3031319904,160,350
1277,-857968.7828278197,-857969.7184805112,170,350
1278,-857969.0200677393,-857969.954675077,180,350
1279,-857969.2184073005,-857969.976261403,190,350
1280,-857969.3094508012,-857969.6403555817,200,350
1281,-857969.1375939781,-857969.0830016669,210,350
1282,-857968.6024544195,-857968.2320360694,220,350
1283,-857967.9527378196,-857967.292591636,230,350
1284,-857967.3063719735,-857966.7263270868,240,350
1285,-857966.5871318716,-857966.4473991256,250,350
1286,-857966.139004958,-857966.2098867898,260,350
1287,-857965.778516167,-857966.0594727688,270,350
1288,-857965.6886381423,-857966.0311093406,280,350
1289,-857965.8940503864,-857966.1449395592,290,350
1290,-857966.9560153435,-857966.3473741155,300,350
1291,-857968.0913300135,-857967.1548533065,310,350
1292,-857969.213143524,-857968.0390769062,320,350
1293,-857969.9254021848,-857968.775082768,330,350
1294,-857970.1020894784,-857969.2554412703,340,350
1295,-857969.9038825424,-857969.3196354895,350,350
